<?xml version="1.0" encoding="UTF-8"?>
<BaliMessageLog>
    <Task name="MapVerilogSimFile">
        <Message>
            <ID>35400250</ID>
            <Severity>Info</Severity>
            <Dynamic>0</Dynamic>
        </Message>
    </Task>
    <Task name="MapVHDLSimFile">
        <Message>
            <ID>35400250</ID>
            <Severity>Info</Severity>
            <Dynamic>0</Dynamic>
        </Message>
    </Task>
    <Task name="IBIS">
        <Message>
            <ID>1191031</ID>
            <Severity>Info</Severity>
        </Message>
    </Task>
    <Task name="Map">
        <Message>
            <ID>1166064</ID>
            <Severity>Warning</Severity>
            <Dynamic>input</Dynamic>
            <Dynamic>i_TX_DV</Dynamic>
        </Message>
        <Message>
            <ID>51001046</ID>
            <Severity>Warning</Severity>
            <Dynamic>i_TX_DV</Dynamic>
        </Message>
    </Task>
    <Task name="Lattice_Synthesis">
        <Message>
            <ID>35002000</ID>
            <Severity>Info</Severity>
        </Message>
        <Message>
            <ID>35001781</ID>
            <Severity>Info</Severity>
        </Message>
        <Message>
            <ID>35901320</ID>
            <Severity>Warning</Severity>
            <Dynamic>f:/graduation project/scopeproj/scope3/scope3.v(76): </Dynamic>
            <Navigation>f:/graduation project/scopeproj/scope3/scope3.v</Navigation>
            <Navigation>76</Navigation>
        </Message>
        <Message>
            <ID>35901320</ID>
            <Severity>Warning</Severity>
            <Dynamic>f:/graduation project/scopeproj/scope3/scope3.v(76): </Dynamic>
            <Navigation>f:/graduation project/scopeproj/scope3/scope3.v</Navigation>
            <Navigation>76</Navigation>
        </Message>
        <Message>
            <ID>35901320</ID>
            <Severity>Warning</Severity>
            <Dynamic>f:/graduation project/scopeproj/scope3/scope3.v(76): </Dynamic>
            <Navigation>f:/graduation project/scopeproj/scope3/scope3.v</Navigation>
            <Navigation>76</Navigation>
        </Message>
        <Message>
            <ID>35901320</ID>
            <Severity>Warning</Severity>
            <Dynamic>f:/graduation project/scopeproj/scope3/scope3.v(77): </Dynamic>
            <Navigation>f:/graduation project/scopeproj/scope3/scope3.v</Navigation>
            <Navigation>77</Navigation>
        </Message>
        <Message>
            <ID>35901320</ID>
            <Severity>Warning</Severity>
            <Dynamic>f:/graduation project/scopeproj/scope3/scope3.v(77): </Dynamic>
            <Navigation>f:/graduation project/scopeproj/scope3/scope3.v</Navigation>
            <Navigation>77</Navigation>
        </Message>
        <Message>
            <ID>35901320</ID>
            <Severity>Warning</Severity>
            <Dynamic>f:/graduation project/scopeproj/scope3/scope3.v(77): </Dynamic>
            <Navigation>f:/graduation project/scopeproj/scope3/scope3.v</Navigation>
            <Navigation>77</Navigation>
        </Message>
        <Message>
            <ID>35901875</ID>
            <Severity>Warning</Severity>
            <Dynamic>f:/graduation project/scopeproj/scope3/ad9837_driver.v(19): </Dynamic>
            <Dynamic>flag_control_done</Dynamic>
            <Navigation>f:/graduation project/scopeproj/scope3/ad9837_driver.v</Navigation>
            <Navigation>19</Navigation>
        </Message>
        <Message>
            <ID>35901875</ID>
            <Severity>Warning</Severity>
            <Dynamic>f:/graduation project/scopeproj/scope3/ad9837_driver.v(24): </Dynamic>
            <Dynamic>flag_control_done</Dynamic>
            <Navigation>f:/graduation project/scopeproj/scope3/ad9837_driver.v</Navigation>
            <Navigation>24</Navigation>
        </Message>
        <Message>
            <ID>35901320</ID>
            <Severity>Warning</Severity>
            <Dynamic>f:/graduation project/scopeproj/scope3/scope3.v(76): </Dynamic>
            <Navigation>f:/graduation project/scopeproj/scope3/scope3.v</Navigation>
            <Navigation>76</Navigation>
        </Message>
        <Message>
            <ID>35901320</ID>
            <Severity>Warning</Severity>
            <Dynamic>f:/graduation project/scopeproj/scope3/scope3.v(76): </Dynamic>
            <Navigation>f:/graduation project/scopeproj/scope3/scope3.v</Navigation>
            <Navigation>76</Navigation>
        </Message>
        <Message>
            <ID>35901320</ID>
            <Severity>Warning</Severity>
            <Dynamic>f:/graduation project/scopeproj/scope3/scope3.v(76): </Dynamic>
            <Navigation>f:/graduation project/scopeproj/scope3/scope3.v</Navigation>
            <Navigation>76</Navigation>
        </Message>
        <Message>
            <ID>35901320</ID>
            <Severity>Warning</Severity>
            <Dynamic>f:/graduation project/scopeproj/scope3/scope3.v(77): </Dynamic>
            <Navigation>f:/graduation project/scopeproj/scope3/scope3.v</Navigation>
            <Navigation>77</Navigation>
        </Message>
        <Message>
            <ID>35901320</ID>
            <Severity>Warning</Severity>
            <Dynamic>f:/graduation project/scopeproj/scope3/scope3.v(77): </Dynamic>
            <Navigation>f:/graduation project/scopeproj/scope3/scope3.v</Navigation>
            <Navigation>77</Navigation>
        </Message>
        <Message>
            <ID>35901320</ID>
            <Severity>Warning</Severity>
            <Dynamic>f:/graduation project/scopeproj/scope3/scope3.v(77): </Dynamic>
            <Navigation>f:/graduation project/scopeproj/scope3/scope3.v</Navigation>
            <Navigation>77</Navigation>
        </Message>
        <Message>
            <ID>35901018</ID>
            <Severity>Info</Severity>
            <Dynamic>f:/graduation project/scopeproj/scope3/scope3.v(1): </Dynamic>
            <Dynamic>scope3</Dynamic>
            <Navigation>f:/graduation project/scopeproj/scope3/scope3.v</Navigation>
            <Navigation>1</Navigation>
        </Message>
        <Message>
            <ID>35901018</ID>
            <Severity>Info</Severity>
            <Dynamic>f:/graduation project/scopeproj/scope3/sys_ctrl.v(2): </Dynamic>
            <Dynamic>sys_ctrl</Dynamic>
            <Navigation>f:/graduation project/scopeproj/scope3/sys_ctrl.v</Navigation>
            <Navigation>2</Navigation>
        </Message>
        <Message>
            <ID>35901018</ID>
            <Severity>Info</Severity>
            <Dynamic>f:/graduation project/scopeproj/scope3/pllm.v(8): </Dynamic>
            <Dynamic>PLLm</Dynamic>
            <Navigation>f:/graduation project/scopeproj/scope3/pllm.v</Navigation>
            <Navigation>8</Navigation>
        </Message>
        <Message>
            <ID>35901018</ID>
            <Severity>Info</Severity>
            <Dynamic>D:/diamond/3.11_x64/ispfpga/userware/NT/SYNTHESIS_HEADERS/machxo2.v(1124): </Dynamic>
            <Dynamic>VLO</Dynamic>
            <Navigation>D:/diamond/3.11_x64/ispfpga/userware/NT/SYNTHESIS_HEADERS/machxo2.v</Navigation>
            <Navigation>1124</Navigation>
        </Message>
        <Message>
            <ID>35901018</ID>
            <Severity>Info</Severity>
            <Dynamic>D:/diamond/3.11_x64/ispfpga/userware/NT/SYNTHESIS_HEADERS/machxo2.v(1730): </Dynamic>
            <Dynamic>EHXPLLJ(CLKFB_DIV=6,CLKOP_DIV=7,CLKOS_DIV=21,CLKOS2_DIV=1,CLKOS3_DIV=1,CLKOS2_ENABLE=&quot;DISABLED&quot;,CLKOS3_ENABLE=&quot;DISABLED&quot;,CLKOP_CPHASE=6,CLKOS_CPHASE=20)</Dynamic>
            <Navigation>D:/diamond/3.11_x64/ispfpga/userware/NT/SYNTHESIS_HEADERS/machxo2.v</Navigation>
            <Navigation>1730</Navigation>
        </Message>
        <Message>
            <ID>35901018</ID>
            <Severity>Info</Severity>
            <Dynamic>f:/graduation project/scopeproj/scope3/sys_ctrl.v(29): </Dynamic>
            <Dynamic>sys_delay</Dynamic>
            <Navigation>f:/graduation project/scopeproj/scope3/sys_ctrl.v</Navigation>
            <Navigation>29</Navigation>
        </Message>
        <Message>
            <ID>35901018</ID>
            <Severity>Info</Severity>
            <Dynamic>f:/graduation project/scopeproj/scope3/ads7948_driver.v(1): </Dynamic>
            <Dynamic>ads7948_driver</Dynamic>
            <Navigation>f:/graduation project/scopeproj/scope3/ads7948_driver.v</Navigation>
            <Navigation>1</Navigation>
        </Message>
        <Message>
            <ID>35901018</ID>
            <Severity>Info</Severity>
            <Dynamic>f:/graduation project/scopeproj/scope3/spi_slave.v(1): </Dynamic>
            <Dynamic>SPI_Slave</Dynamic>
            <Navigation>f:/graduation project/scopeproj/scope3/spi_slave.v</Navigation>
            <Navigation>1</Navigation>
        </Message>
        <Message>
            <ID>35901209</ID>
            <Severity>Warning</Severity>
            <Dynamic>f:/graduation project/scopeproj/scope3/spi_slave.v(58): </Dynamic>
            <Dynamic>32</Dynamic>
            <Dynamic>3</Dynamic>
            <Navigation>f:/graduation project/scopeproj/scope3/spi_slave.v</Navigation>
            <Navigation>58</Navigation>
        </Message>
        <Message>
            <ID>35901209</ID>
            <Severity>Warning</Severity>
            <Dynamic>f:/graduation project/scopeproj/scope3/spi_slave.v(148): </Dynamic>
            <Dynamic>32</Dynamic>
            <Dynamic>3</Dynamic>
            <Navigation>f:/graduation project/scopeproj/scope3/spi_slave.v</Navigation>
            <Navigation>148</Navigation>
        </Message>
        <Message>
            <ID>35901018</ID>
            <Severity>Info</Severity>
            <Dynamic>f:/graduation project/scopeproj/scope3/segment.v(1): </Dynamic>
            <Dynamic>segment</Dynamic>
            <Navigation>f:/graduation project/scopeproj/scope3/segment.v</Navigation>
            <Navigation>1</Navigation>
        </Message>
        <Message>
            <ID>35908216</ID>
            <Severity>Warning</Severity>
            <Dynamic>f:/graduation project/scopeproj/scope3/segment.v(20): </Dynamic>
            <Dynamic>10</Dynamic>
            <Dynamic>9</Dynamic>
            <Dynamic>0</Dynamic>
            <Dynamic>seg</Dynamic>
            <Navigation>f:/graduation project/scopeproj/scope3/segment.v</Navigation>
            <Navigation>20</Navigation>
        </Message>
        <Message>
            <ID>35908216</ID>
            <Severity>Warning</Severity>
            <Dynamic>f:/graduation project/scopeproj/scope3/segment.v(21): </Dynamic>
            <Dynamic>11</Dynamic>
            <Dynamic>9</Dynamic>
            <Dynamic>0</Dynamic>
            <Dynamic>seg</Dynamic>
            <Navigation>f:/graduation project/scopeproj/scope3/segment.v</Navigation>
            <Navigation>21</Navigation>
        </Message>
        <Message>
            <ID>35908216</ID>
            <Severity>Warning</Severity>
            <Dynamic>f:/graduation project/scopeproj/scope3/segment.v(22): </Dynamic>
            <Dynamic>12</Dynamic>
            <Dynamic>9</Dynamic>
            <Dynamic>0</Dynamic>
            <Dynamic>seg</Dynamic>
            <Navigation>f:/graduation project/scopeproj/scope3/segment.v</Navigation>
            <Navigation>22</Navigation>
        </Message>
        <Message>
            <ID>35908216</ID>
            <Severity>Warning</Severity>
            <Dynamic>f:/graduation project/scopeproj/scope3/segment.v(23): </Dynamic>
            <Dynamic>13</Dynamic>
            <Dynamic>9</Dynamic>
            <Dynamic>0</Dynamic>
            <Dynamic>seg</Dynamic>
            <Navigation>f:/graduation project/scopeproj/scope3/segment.v</Navigation>
            <Navigation>23</Navigation>
        </Message>
        <Message>
            <ID>35908216</ID>
            <Severity>Warning</Severity>
            <Dynamic>f:/graduation project/scopeproj/scope3/segment.v(24): </Dynamic>
            <Dynamic>14</Dynamic>
            <Dynamic>9</Dynamic>
            <Dynamic>0</Dynamic>
            <Dynamic>seg</Dynamic>
            <Navigation>f:/graduation project/scopeproj/scope3/segment.v</Navigation>
            <Navigation>24</Navigation>
        </Message>
        <Message>
            <ID>35908216</ID>
            <Severity>Warning</Severity>
            <Dynamic>f:/graduation project/scopeproj/scope3/segment.v(25): </Dynamic>
            <Dynamic>15</Dynamic>
            <Dynamic>9</Dynamic>
            <Dynamic>0</Dynamic>
            <Dynamic>seg</Dynamic>
            <Navigation>f:/graduation project/scopeproj/scope3/segment.v</Navigation>
            <Navigation>25</Navigation>
        </Message>
        <Message>
            <ID>35931002</ID>
            <Severity>Warning</Severity>
            <Dynamic>f:/graduation project/scopeproj/scope3/segment.v(6): </Dynamic>
            <Dynamic>seg</Dynamic>
            <Navigation>f:/graduation project/scopeproj/scope3/segment.v</Navigation>
            <Navigation>6</Navigation>
        </Message>
        <Message>
            <ID>35901018</ID>
            <Severity>Info</Severity>
            <Dynamic>f:/graduation project/scopeproj/scope3/ad9837_driver.v(1): </Dynamic>
            <Dynamic>ad9837_driver</Dynamic>
            <Navigation>f:/graduation project/scopeproj/scope3/ad9837_driver.v</Navigation>
            <Navigation>1</Navigation>
        </Message>
        <Message>
            <ID>35931002</ID>
            <Severity>Warning</Severity>
            <Dynamic>f:/graduation project/scopeproj/scope3/ad9837_driver.v(13): </Dynamic>
            <Dynamic>initalWord</Dynamic>
            <Navigation>f:/graduation project/scopeproj/scope3/ad9837_driver.v</Navigation>
            <Navigation>13</Navigation>
        </Message>
        <Message>
            <ID>35901330</ID>
            <Severity>Warning</Severity>
            <Dynamic>f:/graduation project/scopeproj/scope3/scope3.v(121): </Dynamic>
            <Dynamic>8</Dynamic>
            <Dynamic>1</Dynamic>
            <Dynamic>controlVari</Dynamic>
            <Navigation>f:/graduation project/scopeproj/scope3/scope3.v</Navigation>
            <Navigation>121</Navigation>
        </Message>
        <Message>
            <ID>35901018</ID>
            <Severity>Info</Severity>
            <Dynamic>f:/graduation project/scopeproj/scope3/digitalsignal.v(1): </Dynamic>
            <Dynamic>digitalSignal</Dynamic>
            <Navigation>f:/graduation project/scopeproj/scope3/digitalsignal.v</Navigation>
            <Navigation>1</Navigation>
        </Message>
        <Message>
            <ID>35901330</ID>
            <Severity>Warning</Severity>
            <Dynamic>f:/graduation project/scopeproj/scope3/scope3.v(138): </Dynamic>
            <Dynamic>8</Dynamic>
            <Dynamic>1</Dynamic>
            <Dynamic>controlVari</Dynamic>
            <Navigation>f:/graduation project/scopeproj/scope3/scope3.v</Navigation>
            <Navigation>138</Navigation>
        </Message>
        <Message>
            <ID>35931038</ID>
            <Severity>Warning</Severity>
            <Dynamic>f:/graduation project/scopeproj/scope3/segment.v(6): </Dynamic>
            <Dynamic>seg_original_ramnet</Dynamic>
            <Navigation>f:/graduation project/scopeproj/scope3/segment.v</Navigation>
            <Navigation>6</Navigation>
        </Message>
        <Message>
            <ID>35931002</ID>
            <Severity>Warning</Severity>
            <Dynamic>f:/graduation project/scopeproj/scope3/ad9837_driver.v(13): </Dynamic>
            <Dynamic>initalWord</Dynamic>
            <Navigation>f:/graduation project/scopeproj/scope3/ad9837_driver.v</Navigation>
            <Navigation>13</Navigation>
        </Message>
        <Message>
            <ID>35002005</ID>
            <Severity>Warning</Severity>
            <Dynamic>i_TX_DV</Dynamic>
        </Message>
        <Message>
            <ID>35002005</ID>
            <Severity>Warning</Severity>
            <Dynamic>D0</Dynamic>
        </Message>
        <Message>
            <ID>35002005</ID>
            <Severity>Warning</Severity>
            <Dynamic>D1</Dynamic>
        </Message>
        <Message>
            <ID>35002005</ID>
            <Severity>Warning</Severity>
            <Dynamic>D2</Dynamic>
        </Message>
        <Message>
            <ID>35002005</ID>
            <Severity>Warning</Severity>
            <Dynamic>D3</Dynamic>
        </Message>
        <Message>
            <ID>35002005</ID>
            <Severity>Warning</Severity>
            <Dynamic>D4</Dynamic>
        </Message>
        <Message>
            <ID>35002005</ID>
            <Severity>Warning</Severity>
            <Dynamic>D5</Dynamic>
        </Message>
        <Message>
            <ID>35002005</ID>
            <Severity>Warning</Severity>
            <Dynamic>D6</Dynamic>
        </Message>
        <Message>
            <ID>35002005</ID>
            <Severity>Warning</Severity>
            <Dynamic>D7</Dynamic>
        </Message>
        <Message>
            <ID>35002005</ID>
            <Severity>Warning</Severity>
            <Dynamic>led1</Dynamic>
        </Message>
        <Message>
            <ID>35001747</ID>
            <Severity>Warning</Severity>
            <Dynamic>0</Dynamic>
            <Dynamic>\U_SPI_Slave/r_TX_Byte</Dynamic>
        </Message>
        <Message>
            <ID>35001747</ID>
            <Severity>Warning</Severity>
            <Dynamic>1</Dynamic>
            <Dynamic>\U_SPI_Slave/r_TX_Byte</Dynamic>
        </Message>
        <Message>
            <ID>35002005</ID>
            <Severity>Warning</Severity>
            <Dynamic>i_TX_DV</Dynamic>
        </Message>
        <Message>
            <ID>35935013</ID>
            <Severity>Warning</Severity>
            <Dynamic>f:/graduation project/scopeproj/scope3/ad9837_driver.v(116): </Dynamic>
            <Dynamic>\U_ad9837/data_wr_i0_i12</Dynamic>
            <Navigation>f:/graduation project/scopeproj/scope3/ad9837_driver.v</Navigation>
            <Navigation>116</Navigation>
        </Message>
        <Message>
            <ID>35001779</ID>
            <Severity>Warning</Severity>
            <Dynamic>\U_SPI_Slave/flag_67</Dynamic>
        </Message>
        <Message>
            <ID>35001611</ID>
            <Severity>Warning</Severity>
        </Message>
        <Message>
            <ID>1166052</ID>
            <Severity>Warning</Severity>
            <Dynamic>logical</Dynamic>
            <Dynamic>i_TX_DV</Dynamic>
            <Navigation>i_TX_DV</Navigation>
        </Message>
        <Message>
            <ID>1166064</ID>
            <Severity>Warning</Severity>
            <Dynamic>input</Dynamic>
            <Dynamic>i_TX_DV</Dynamic>
        </Message>
        <Message>
            <ID>1163101</ID>
            <Severity>Warning</Severity>
            <Dynamic>2</Dynamic>
        </Message>
    </Task>
    <Task name="PAR">
        <Message>
            <ID>61061008</ID>
            <Severity>Warning</Severity>
            <Dynamic>clk_in_c</Dynamic>
            <Dynamic>Primary</Dynamic>
            <Dynamic>clk_in</Dynamic>
            <Dynamic>C1</Dynamic>
            <Dynamic>Primary</Dynamic>
        </Message>
        <Message>
            <ID>61061008</ID>
            <Severity>Warning</Severity>
            <Dynamic>i_SPI_Clk_c</Dynamic>
            <Dynamic>Primary</Dynamic>
            <Dynamic>i_SPI_Clk</Dynamic>
            <Dynamic>M4</Dynamic>
            <Dynamic>Primary</Dynamic>
        </Message>
        <Message>
            <ID>61061008</ID>
            <Severity>Warning</Severity>
            <Dynamic>i_SPI_CS_n_c</Dynamic>
            <Dynamic>Secondary</Dynamic>
            <Dynamic>i_SPI_CS_n</Dynamic>
            <Dynamic>P3</Dynamic>
            <Dynamic>Secondary</Dynamic>
        </Message>
        <Message>
            <ID>62061008</ID>
            <Severity>Warning</Severity>
            <Dynamic>i_SPI_Clk_c</Dynamic>
        </Message>
    </Task>
    <Task name="TimingSimFileVHD">
        <Message>
            <ID>35400250</ID>
            <Severity>Info</Severity>
            <Dynamic>0</Dynamic>
        </Message>
    </Task>
    <Task name="TimingSimFileVlg">
        <Message>
            <ID>35400250</ID>
            <Severity>Info</Severity>
            <Dynamic>0</Dynamic>
        </Message>
    </Task>
</BaliMessageLog>